,aloc_type,weight
0,Stocks,0.5084524153445438
1,Bonds,0.15556130035414067
2,Gold,0.07545700470983724
3,Crypto,0.25282009994254534
4,Other,0.0077091796489330055
