,geo,weight
0,North America,0.46171067941471855
1,Latin America,0.11687646785792308
2,Europa,0.02820431578877929
3,MENA,0.0018802877192519527
4,East and SE Asia,0.05741028140918872
5,Oceania,0.0037605754385039054
6,Other,0.0018802877192519527
